"filename", "language", "XML", "C#", "Markdown", "JavaScript", "ASP.NET Razor", "MS SQL", "JSON", "PostCSS", "comment", "blank", "total"
"d:\.net\start\Controllers\AccountController.cs", "C#", 0, 346, 0, 0, 0, 0, 0, 0, 18, 82, 446
"d:\.net\start\Controllers\AdminController.cs", "C#", 0, 1155, 0, 0, 0, 0, 0, 0, 124, 203, 1482
"d:\.net\start\Controllers\AiController.cs", "C#", 0, 685, 0, 0, 0, 0, 0, 0, 70, 121, 876
"d:\.net\start\Controllers\BranchController.cs", "C#", 0, 39, 0, 0, 0, 0, 0, 0, 0, 5, 44
"d:\.net\start\Controllers\CartController.cs", "C#", 0, 66, 0, 0, 0, 0, 0, 0, 1, 23, 90
"d:\.net\start\Controllers\ContactController.cs", "C#", 0, 116, 0, 0, 0, 0, 0, 0, 0, 20, 136
"d:\.net\start\Controllers\EmployeeController.cs", "C#", 0, 216, 0, 0, 0, 0, 0, 0, 17, 48, 281
"d:\.net\start\Controllers\HomeController.cs", "C#", 0, 92, 0, 0, 0, 0, 0, 0, 0, 20, 112
"d:\.net\start\Controllers\OrderController.cs", "C#", 0, 199, 0, 0, 0, 0, 0, 0, 11, 40, 250
"d:\.net\start\Controllers\ProductController.cs", "C#", 0, 64, 0, 0, 0, 0, 0, 0, 10, 11, 85
"d:\.net\start\Controllers\WishlistController.cs", "C#", 0, 39, 0, 0, 0, 0, 0, 0, 1, 6, 46
"d:\.net\start\DTOs\Account\ChangePasswordModel.cs", "C#", 0, 12, 0, 0, 0, 0, 0, 0, 0, 9, 21
"d:\.net\start\DTOs\Account\EditProfileModel.cs", "C#", 0, 23, 0, 0, 0, 0, 0, 0, 0, 12, 35
"d:\.net\start\DTOs\Account\ResetPasswordViewModel.cs", "C#", 0, 12, 0, 0, 0, 0, 0, 0, 0, 1, 13
"d:\.net\start\DTOs\Account\SetPasswordModel.cs", "C#", 0, 10, 0, 0, 0, 0, 0, 0, 0, 5, 15
"d:\.net\start\DTOs\Account\UserProfileViewModel.cs", "C#", 0, 11, 0, 0, 0, 0, 0, 0, 0, 1, 12
"d:\.net\start\DTOs\Account\VerifyEmailViewModel.cs", "C#", 0, 5, 0, 0, 0, 0, 0, 0, 0, 2, 7
"d:\.net\start\DTOs\Cart\AddToCartRequest.cs", "C#", 0, 7, 0, 0, 0, 0, 0, 0, 0, 3, 10
"d:\.net\start\DTOs\Cart\UpdateCartRequest.cs", "C#", 0, 5, 0, 0, 0, 0, 0, 0, 0, 3, 8
"d:\.net\start\DTOs\Employee\DayOffOneDayVm.cs", "C#", 0, 18, 0, 0, 0, 0, 0, 0, 0, 5, 23
"d:\.net\start\DTOs\Employee\EditEmployeeProfile.cs", "C#", 0, 41, 0, 0, 0, 0, 0, 0, 0, 7, 48
"d:\.net\start\DTOs\Employee\MonthScheduleDto.cs", "C#", 0, 12, 0, 0, 0, 0, 0, 0, 0, 1, 13
"d:\.net\start\DTOs\Employee\MonthlySalaryVm.cs", "C#", 0, 20, 0, 0, 0, 0, 0, 0, 0, 2, 22
"d:\.net\start\DTOs\Order\MomoRefundResponse.cs", "C#", 0, 14, 0, 0, 0, 0, 0, 0, 0, 0, 14
"d:\.net\start\DTOs\Order\OrderDetailItemViewModel.cs", "C#", 0, 9, 0, 0, 0, 0, 0, 0, 0, 0, 9
"d:\.net\start\DTOs\Order\OrderFormModel.cs", "C#", 0, 12, 0, 0, 0, 0, 0, 0, 0, 3, 15
"d:\.net\start\DTOs\Order\OrderHistoryViewModel.cs", "C#", 0, 8, 0, 0, 0, 0, 0, 0, 0, 0, 8
"d:\.net\start\DTOs\Order\OrderSummaryViewModel.cs", "C#", 0, 18, 0, 0, 0, 0, 0, 0, 2, 4, 24
"d:\.net\start\DTOs\Product\ProductFilterRequest.cs", "C#", 0, 39, 0, 0, 0, 0, 0, 0, 0, 8, 47
"d:\.net\start\DTOs\Promotion\PromoCodeResponse.cs", "C#", 0, 9, 0, 0, 0, 0, 0, 0, 0, 0, 9
"d:\.net\start\DTOs\Promotion\PromoValidationRequest.cs", "C#", 0, 6, 0, 0, 0, 0, 0, 0, 0, 1, 7
"d:\.net\start\DTOs\Promotion\PromoValidationResult.cs", "C#", 0, 12, 0, 0, 0, 0, 0, 0, 3, 2, 17
"d:\.net\start\DTOs\Support\ContactFormModel.cs", "C#", 0, 20, 0, 0, 0, 0, 0, 0, 0, 6, 26
"d:\.net\start\Data\ApplicationDbContext.cs", "C#", 0, 35, 0, 0, 0, 0, 0, 0, 0, 9, 44
"d:\.net\start\Models\Configurations\EmailSettings.cs", "C#", 0, 12, 0, 0, 0, 0, 0, 0, 0, 1, 13
"d:\.net\start\Models\Core\Branch.cs", "C#", 0, 26, 0, 0, 0, 0, 0, 0, 0, 11, 37
"d:\.net\start\Models\Core\Customer.cs", "C#", 0, 34, 0, 0, 0, 0, 0, 0, 0, 16, 50
"d:\.net\start\Models\Core\Discount.cs", "C#", 0, 34, 0, 0, 0, 0, 0, 0, 2, 11, 47
"d:\.net\start\Models\Core\DiscountRequest.cs", "C#", 0, 58, 0, 0, 0, 0, 0, 0, 5, 22, 85
"d:\.net\start\Models\Core\News.cs", "C#", 0, 13, 0, 0, 0, 0, 0, 0, 0, 7, 20
"d:\.net\start\Models\Core\NewsRequest.cs", "C#", 0, 41, 0, 0, 0, 0, 0, 0, 5, 18, 64
"d:\.net\start\Models\Core\Region.cs", "C#", 0, 15, 0, 0, 0, 0, 0, 0, 1, 3, 19
"d:\.net\start\Models\Employee\Contract.cs", "C#", 0, 46, 0, 0, 0, 0, 0, 0, 5, 14, 65
"d:\.net\start\Models\Employee\DayOffRequest.cs", "C#", 0, 23, 0, 0, 0, 0, 0, 0, 0, 10, 33
"d:\.net\start\Models\Employee\Employee.cs", "C#", 0, 73, 0, 0, 0, 0, 0, 0, 0, 25, 98
"d:\.net\start\Models\Employee\Salary.cs", "C#", 0, 39, 0, 0, 0, 0, 0, 0, 0, 13, 52
"d:\.net\start\Models\Employee\SalaryAdjustment.cs", "C#", 0, 23, 0, 0, 0, 0, 0, 0, 0, 6, 29
"d:\.net\start\Models\Employee\WorkSchedule.cs", "C#", 0, 16, 0, 0, 0, 0, 0, 0, 0, 6, 22
"d:\.net\start\Models\Products\Product.cs", "C#", 0, 20, 0, 0, 0, 0, 0, 0, 0, 5, 25
"d:\.net\start\Models\Products\ProductCategory.cs", "C#", 0, 11, 0, 0, 0, 0, 0, 0, 0, 6, 17
"d:\.net\start\Models\Products\ProductSize.cs", "C#", 0, 12, 0, 0, 0, 0, 0, 0, 0, 5, 17
"d:\.net\start\Models\Products\Wishlist.cs", "C#", 0, 16, 0, 0, 0, 0, 0, 0, 0, 15, 31
"d:\.net\start\Models\Sales\Cart.cs", "C#", 0, 15, 0, 0, 0, 0, 0, 0, 0, 1, 16
"d:\.net\start\Models\Sales\CartDetail.cs", "C#", 0, 21, 0, 0, 0, 0, 0, 0, 0, 4, 25
"d:\.net\start\Models\Sales\Order.cs", "C#", 0, 38, 0, 0, 0, 0, 0, 0, 0, 7, 45
"d:\.net\start\Models\Sales\OrderDetail.cs", "C#", 0, 19, 0, 0, 0, 0, 0, 0, 0, 1, 20
"d:\.net\start\Models\System\ChatHistory.cs", "C#", 0, 22, 0, 0, 0, 0, 0, 0, 1, 18, 41
"d:\.net\start\Models\System\ErrorViewModel.cs", "C#", 0, 6, 0, 0, 0, 0, 0, 0, 0, 3, 9
"d:\.net\start\Models\System\Role.cs", "C#", 0, 14, 0, 0, 0, 0, 0, 0, 0, 2, 16
"d:\.net\start\Program.cs", "C#", 0, 146, 0, 0, 0, 0, 0, 0, 7, 21, 174
"d:\.net\start\Properties\launchSettings.json", "JSON", 0, 0, 0, 0, 0, 0, 23, 0, 0, 1, 24
"d:\.net\start\README.md", "Markdown", 0, 0, 1, 0, 0, 0, 0, 0, 0, 1, 2
"d:\.net\start\SQL\Check_EmployeeID_DataType.sql", "MS SQL", 0, 0, 0, 0, 0, 9, 0, 0, 2, 6, 17
"d:\.net\start\SQL\DiscountRequest_CreateTable.sql", "MS SQL", 0, 0, 0, 0, 0, 47, 0, 0, 9, 16, 72
"d:\.net\start\SQL\DiscountRequest_InsertSampleData.sql", "MS SQL", 0, 0, 0, 0, 0, 222, 0, 0, 15, 13, 250
"d:\.net\start\SQL\DiscountRequest_InsertTemplate.sql", "MS SQL", 0, 0, 0, 0, 0, 62, 0, 0, 19, 8, 89
"d:\.net\start\Scripts\CreateChatHistoryTable.sql", "MS SQL", 0, 0, 0, 0, 0, 22, 0, 0, 2, 16, 40
"d:\.net\start\Services\Employee\DayOffService.cs", "C#", 0, 77, 0, 0, 0, 0, 0, 0, 4, 13, 94
"d:\.net\start\Services\Employee\EmployeeProfileService.cs", "C#", 0, 67, 0, 0, 0, 0, 0, 0, 8, 22, 97
"d:\.net\start\Services\Employee\IDayOffService.cs", "C#", 0, 7, 0, 0, 0, 0, 0, 0, 0, 1, 8
"d:\.net\start\Services\Employee\IEmployeeProfileService.cs", "C#", 0, 8, 0, 0, 0, 0, 0, 0, 0, 1, 9
"d:\.net\start\Services\Employee\IPayrollService.cs", "C#", 0, 6, 0, 0, 0, 0, 0, 0, 0, 0, 6
"d:\.net\start\Services\Employee\IScheduleService.cs", "C#", 0, 6, 0, 0, 0, 0, 0, 0, 0, 0, 6
"d:\.net\start\Services\Employee\PayrollServive.cs", "C#", 0, 54, 0, 0, 0, 0, 0, 0, 3, 11, 68
"d:\.net\start\Services\Employee\ScheduleService.cs", "C#", 0, 40, 0, 0, 0, 0, 0, 0, 1, 8, 49
"d:\.net\start\Services\Implementations\Account\AuthService.cs", "C#", 0, 238, 0, 0, 0, 0, 0, 0, 9, 78, 325
"d:\.net\start\Services\Implementations\Account\ProfileService.cs", "C#", 0, 69, 0, 0, 0, 0, 0, 0, 6, 19, 94
"d:\.net\start\Services\Implementations\ECommerce\CartService.cs", "C#", 0, 109, 0, 0, 0, 0, 0, 0, 0, 23, 132
"d:\.net\start\Services\Implementations\ECommerce\CheckoutService.cs", "C#", 0, 62, 0, 0, 0, 0, 0, 0, 1, 17, 80
"d:\.net\start\Services\Implementations\ECommerce\OrderReadService.cs", "C#", 0, 75, 0, 0, 0, 0, 0, 0, 2, 12, 89
"d:\.net\start\Services\Implementations\ECommerce\OrderService.cs", "C#", 0, 488, 0, 0, 0, 0, 0, 0, 36, 92, 616
"d:\.net\start\Services\Implementations\ECommerce\PaymentService.cs", "C#", 0, 102, 0, 0, 0, 0, 0, 0, 3, 25, 130
"d:\.net\start\Services\Implementations\ECommerce\ProductService.cs", "C#", 0, 104, 0, 0, 0, 0, 0, 0, 7, 16, 127
"d:\.net\start\Services\Implementations\Utility\AiService.cs", "C#", 0, 63, 0, 0, 0, 0, 0, 0, 3, 13, 79
"d:\.net\start\Services\Implementations\Utility\CloudinaryService.cs", "C#", 0, 57, 0, 0, 0, 0, 0, 0, 0, 11, 68
"d:\.net\start\Services\Implementations\Utility\EmailService.cs", "C#", 0, 78, 0, 0, 0, 0, 0, 0, 4, 14, 96
"d:\.net\start\Services\Implementations\Utility\NewsService.cs", "C#", 0, 44, 0, 0, 0, 0, 0, 0, 0, 7, 51
"d:\.net\start\Services\Implementations\Utility\StoreService.cs", "C#", 0, 44, 0, 0, 0, 0, 0, 0, 0, 9, 53
"d:\.net\start\Services\Interfaces\IAuthService.cs", "C#", 0, 15, 0, 0, 0, 0, 0, 0, 7, 7, 29
"d:\.net\start\Services\Interfaces\ICartService.cs", "C#", 0, 7, 0, 0, 0, 0, 0, 0, 0, 2, 9
"d:\.net\start\Services\Interfaces\ICheckoutService.cs", "C#", 0, 8, 0, 0, 0, 0, 0, 0, 0, 4, 12
"d:\.net\start\Services\Interfaces\ICloudinaryService.cs", "C#", 0, 5, 0, 0, 0, 0, 0, 0, 0, 2, 7
"d:\.net\start\Services\Interfaces\IEmailService.cs", "C#", 0, 6, 0, 0, 0, 0, 0, 0, 0, 1, 7
"d:\.net\start\Services\Interfaces\INewsService.cs", "C#", 0, 12, 0, 0, 0, 0, 0, 0, 0, 1, 13
"d:\.net\start\Services\Interfaces\IOrderReadService.cs", "C#", 0, 7, 0, 0, 0, 0, 0, 0, 0, 4, 11
"d:\.net\start\Services\Interfaces\IOrderService.cs", "C#", 0, 13, 0, 0, 0, 0, 0, 0, 0, 3, 16
"d:\.net\start\Services\Interfaces\IPaymentService.cs", "C#", 0, 9, 0, 0, 0, 0, 0, 0, 0, 4, 13
"d:\.net\start\Services\Interfaces\IProductService.cs", "C#", 0, 9, 0, 0, 0, 0, 0, 0, 0, 2, 11
"d:\.net\start\Services\Interfaces\IProfileService.cs", "C#", 0, 7, 0, 0, 0, 0, 0, 0, 2, 3, 12
"d:\.net\start\Services\Interfaces\IStoreService.cs", "C#", 0, 7, 0, 0, 0, 0, 0, 0, 0, 1, 8
"d:\.net\start\Temp\ADMIN_DROPDOWN_GUIDE.md", "Markdown", 0, 0, 87, 0, 0, 0, 0, 0, 3, 28, 118
"d:\.net\start\Temp\ToggleProductStatus_Explanation.md", "Markdown", 0, 0, 217, 0, 0, 0, 0, 0, 0, 60, 277
"d:\.net\start\Temp\tempcode\CartViewModel.cs", "C#", 0, 6, 0, 0, 0, 0, 0, 0, 1, 1, 8
"d:\.net\start\Views\Account\ChangePassword.cshtml", "ASP.NET Razor", 0, 0, 0, 0, 119, 0, 0, 0, 0, 22, 141
"d:\.net\start\Views\Account\EditProfile.cshtml", "ASP.NET Razor", 0, 0, 0, 0, 131, 0, 0, 0, 0, 24, 155
"d:\.net\start\Views\Account\ForgotPassword.cshtml", "ASP.NET Razor", 0, 0, 0, 0, 79, 0, 0, 0, 0, 14, 93
"d:\.net\start\Views\Account\Login.cshtml", "ASP.NET Razor", 0, 0, 0, 0, 104, 0, 0, 0, 0, 19, 123
"d:\.net\start\Views\Account\Profile.cshtml", "ASP.NET Razor", 0, 0, 0, 0, 169, 0, 0, 0, 1, 32, 202
"d:\.net\start\Views\Account\Register.cshtml", "ASP.NET Razor", 0, 0, 0, 0, 125, 0, 0, 0, 0, 22, 147
"d:\.net\start\Views\Account\ResetPassword.cshtml", "ASP.NET Razor", 0, 0, 0, 0, 126, 0, 0, 0, 0, 24, 150
"d:\.net\start\Views\Account\SetPassword.cshtml", "ASP.NET Razor", 0, 0, 0, 0, 46, 0, 0, 0, 0, 8, 54
"d:\.net\start\Views\Account\VerifyEmail.cshtml", "ASP.NET Razor", 0, 0, 0, 0, 73, 0, 0, 0, 0, 12, 85
"d:\.net\start\Views\Admin\Approvals.cshtml", "ASP.NET Razor", 0, 0, 0, 0, 303, 0, 0, 0, 1, 33, 337
"d:\.net\start\Views\Admin\Branches.cshtml", "ASP.NET Razor", 0, 0, 0, 0, 310, 0, 0, 0, 2, 43, 355
"d:\.net\start\Views\Admin\Categories.cshtml", "ASP.NET Razor", 0, 0, 0, 0, 53, 0, 0, 0, 0, 6, 59
"d:\.net\start\Views\Admin\Customers.cshtml", "ASP.NET Razor", 0, 0, 0, 0, 108, 0, 0, 0, 0, 10, 118
"d:\.net\start\Views\Admin\Dashboard.cshtml", "ASP.NET Razor", 0, 0, 0, 0, 276, 0, 0, 0, 0, 18, 294
"d:\.net\start\Views\Admin\Discounts.cshtml", "ASP.NET Razor", 0, 0, 0, 0, 265, 0, 0, 0, 1, 19, 285
"d:\.net\start\Views\Admin\Employees.cshtml", "ASP.NET Razor", 0, 0, 0, 0, 118, 0, 0, 0, 0, 8, 126
"d:\.net\start\Views\Admin\News.cshtml", "ASP.NET Razor", 0, 0, 0, 0, 262, 0, 0, 0, 1, 39, 302
"d:\.net\start\Views\Admin\Orders.cshtml", "ASP.NET Razor", 0, 0, 0, 0, 212, 0, 0, 0, 0, 13, 225
"d:\.net\start\Views\Admin\Products.cshtml", "ASP.NET Razor", 0, 0, 0, 0, 372, 0, 0, 0, 1, 49, 422
"d:\.net\start\Views\Admin\Profile.cshtml", "ASP.NET Razor", 0, 0, 0, 0, 222, 0, 0, 0, 6, 32, 260
"d:\.net\start\Views\Admin\Reports.cshtml", "ASP.NET Razor", 0, 0, 0, 0, 343, 0, 0, 0, 0, 18, 361
"d:\.net\start\Views\Admin\ViewApproval.cshtml", "ASP.NET Razor", 0, 0, 0, 0, 283, 0, 0, 0, 0, 38, 321
"d:\.net\start\Views\Admin\ViewCustomer.cshtml", "ASP.NET Razor", 0, 0, 0, 0, 149, 0, 0, 0, 1, 11, 161
"d:\.net\start\Views\Admin\ViewEmployee.cshtml", "ASP.NET Razor", 0, 0, 0, 0, 94, 0, 0, 0, 0, 8, 102
"d:\.net\start\Views\Admin\ViewOrder.cshtml", "ASP.NET Razor", 0, 0, 0, 0, 166, 0, 0, 0, 0, 11, 177
"d:\.net\start\Views\Admin\_AddEditBranchModal.cshtml", "ASP.NET Razor", 0, 0, 0, 0, 112, 0, 0, 0, 0, 12, 124
"d:\.net\start\Views\Admin\_AddEditDiscountModal.cshtml", "ASP.NET Razor", 0, 0, 0, 0, 125, 0, 0, 0, 0, 17, 142
"d:\.net\start\Views\Admin\_AddEditNewsModal.cshtml", "ASP.NET Razor", 0, 0, 0, 0, 60, 0, 0, 0, 0, 11, 71
"d:\.net\start\Views\Admin\_AddEditProductModal.cshtml", "ASP.NET Razor", 0, 0, 0, 0, 171, 0, 0, 0, 0, 12, 183
"d:\.net\start\Views\Contact\Contact.cshtml", "ASP.NET Razor", 0, 0, 0, 0, 173, 0, 0, 0, 0, 17, 190
"d:\.net\start\Views\Employee\Chat.cshtml", "ASP.NET Razor", 0, 0, 0, 0, 13, 0, 0, 0, 0, 2, 15
"d:\.net\start\Views\Employee\Contract.cshtml", "ASP.NET Razor", 0, 0, 0, 0, 76, 0, 0, 0, 0, 21, 97
"d:\.net\start\Views\Employee\DayOff.cshtml", "ASP.NET Razor", 0, 0, 0, 0, 124, 0, 0, 0, 0, 14, 138
"d:\.net\start\Views\Employee\EditProfile.cshtml", "ASP.NET Razor", 0, 0, 0, 0, 139, 0, 0, 0, 0, 19, 158
"d:\.net\start\Views\Employee\Profile.cshtml", "ASP.NET Razor", 0, 0, 0, 0, 93, 0, 0, 0, 10, 15, 118
"d:\.net\start\Views\Employee\Salary.cshtml", "ASP.NET Razor", 0, 0, 0, 0, 170, 0, 0, 0, 0, 15, 185
"d:\.net\start\Views\Employee\Schedule.cshtml", "ASP.NET Razor", 0, 0, 0, 0, 113, 0, 0, 0, 4, 19, 136
"d:\.net\start\Views\Employee\_Header.cshtml", "ASP.NET Razor", 0, 0, 0, 0, 26, 0, 0, 0, 2, 3, 31
"d:\.net\start\Views\Employee\_Tabs.cshtml", "ASP.NET Razor", 0, 0, 0, 0, 15, 0, 0, 0, 0, 3, 18
"d:\.net\start\Views\Home\Index.cshtml", "ASP.NET Razor", 0, 0, 0, 0, 43, 0, 0, 0, 0, 6, 49
"d:\.net\start\Views\Home\Introduce.cshtml", "ASP.NET Razor", 0, 0, 0, 0, 144, 0, 0, 0, 0, 32, 176
"d:\.net\start\Views\Home\News.cshtml", "ASP.NET Razor", 0, 0, 0, 0, 28, 0, 0, 0, 0, 7, 35
"d:\.net\start\Views\Home\NewsDetail.cshtml", "ASP.NET Razor", 0, 0, 0, 0, 25, 0, 0, 0, 0, 4, 29
"d:\.net\start\Views\Home\Privacy.cshtml", "ASP.NET Razor", 0, 0, 0, 0, 625, 0, 0, 0, 0, 82, 707
"d:\.net\start\Views\Home\Store.cshtml", "ASP.NET Razor", 0, 0, 0, 0, 285, 0, 0, 0, 28, 29, 342
"d:\.net\start\Views\Home\_StoreListPartial.cshtml", "ASP.NET Razor", 0, 0, 0, 0, 11, 0, 0, 0, 0, 1, 12
"d:\.net\start\Views\Order\Order.cshtml", "ASP.NET Razor", 0, 0, 0, 0, 219, 0, 0, 0, 0, 19, 238
"d:\.net\start\Views\Order\OrderConfirmed.cshtml", "ASP.NET Razor", 0, 0, 0, 0, 152, 0, 0, 0, 1, 26, 179
"d:\.net\start\Views\Order\OrderFailed.cshtml", "ASP.NET Razor", 0, 0, 0, 0, 7, 0, 0, 0, 0, 1, 8
"d:\.net\start\Views\Order\OrderHistory.cshtml", "ASP.NET Razor", 0, 0, 0, 0, 192, 0, 0, 0, 3, 14, 209
"d:\.net\start\Views\Order\Track.cshtml", "ASP.NET Razor", 0, 0, 0, 0, 249, 0, 0, 0, 0, 31, 280
"d:\.net\start\Views\Product\Product.cshtml", "ASP.NET Razor", 0, 0, 0, 0, 163, 0, 0, 0, 0, 13, 176
"d:\.net\start\Views\Product\_ProductQuickViewPartial.cshtml", "ASP.NET Razor", 0, 0, 0, 0, 20, 0, 0, 0, 0, 1, 21
"d:\.net\start\Views\Shared\Error.cshtml", "ASP.NET Razor", 0, 0, 0, 0, 22, 0, 0, 0, 0, 4, 26
"d:\.net\start\Views\Shared\_AdminLayout.cshtml", "ASP.NET Razor", 0, 0, 0, 0, 158, 0, 0, 0, 2, 32, 192
"d:\.net\start\Views\Shared\_CheckoutSteps.cshtml", "ASP.NET Razor", 0, 0, 0, 0, 15, 0, 0, 0, 0, 2, 17
"d:\.net\start\Views\Shared\_EmployeeLayout.cshtml", "ASP.NET Razor", 0, 0, 0, 0, 47, 0, 0, 0, 2, 13, 62
"d:\.net\start\Views\Shared\_Layout.cshtml", "ASP.NET Razor", 0, 0, 0, 0, 531, 0, 0, 0, 2, 76, 609
"d:\.net\start\Views\Shared\_Layout.cshtml.css", "PostCSS", 0, 0, 0, 0, 0, 0, 0, 38, 2, 9, 49
"d:\.net\start\Views\Shared\_ValidationScriptsPartial.cshtml", "ASP.NET Razor", 0, 0, 0, 0, 2, 0, 0, 0, 0, 1, 3
"d:\.net\start\Views\_ViewImports.cshtml", "ASP.NET Razor", 0, 0, 0, 0, 3, 0, 0, 0, 0, 1, 4
"d:\.net\start\Views\_ViewStart.cshtml", "ASP.NET Razor", 0, 0, 0, 0, 3, 0, 0, 0, 0, 1, 4
"d:\.net\start\appsettings.Development.json", "JSON", 0, 0, 0, 0, 0, 0, 10, 0, 0, 2, 12
"d:\.net\start\appsettings.json", "JSON", 0, 0, 0, 0, 0, 0, 42, 0, 0, 0, 42
"d:\.net\start\start.csproj", "XML", 28, 0, 0, 0, 0, 0, 0, 0, 0, 5, 33
"d:\.net\start\wwwroot\css\Account\editprofile.css", "PostCSS", 0, 0, 0, 0, 0, 0, 0, 153, 5, 26, 184
"d:\.net\start\wwwroot\css\Account\login.css", "PostCSS", 0, 0, 0, 0, 0, 0, 0, 280, 7, 49, 336
"d:\.net\start\wwwroot\css\Account\profile.css", "PostCSS", 0, 0, 0, 0, 0, 0, 0, 199, 14, 20, 233
"d:\.net\start\wwwroot\css\Account\register.css", "PostCSS", 0, 0, 0, 0, 0, 0, 0, 43, 4, 9, 56
"d:\.net\start\wwwroot\css\Account\verify-email.css", "PostCSS", 0, 0, 0, 0, 0, 0, 0, 71, 0, 12, 83
"d:\.net\start\wwwroot\css\Admin\admin.css", "PostCSS", 0, 0, 0, 0, 0, 0, 0, 945, 56, 168, 1169
"d:\.net\start\wwwroot\css\Admin\profile.css", "PostCSS", 0, 0, 0, 0, 0, 0, 0, 191, 11, 35, 237
"d:\.net\start\wwwroot\css\Layout\index_page.css", "PostCSS", 0, 0, 0, 0, 0, 0, 0, 133, 0, 23, 156
"d:\.net\start\wwwroot\css\Layout\site.css", "PostCSS", 0, 0, 0, 0, 0, 0, 0, 373, 7, 69, 449
"d:\.net\start\wwwroot\css\Order\order-history.css", "PostCSS", 0, 0, 0, 0, 0, 0, 0, 90, 12, 18, 120
"d:\.net\start\wwwroot\css\Order\order.css", "PostCSS", 0, 0, 0, 0, 0, 0, 0, 439, 14, 94, 547
"d:\.net\start\wwwroot\css\Order\orderconfirmed.css", "PostCSS", 0, 0, 0, 0, 0, 0, 0, 206, 42, 39, 287
"d:\.net\start\wwwroot\css\Order\track.css", "PostCSS", 0, 0, 0, 0, 0, 0, 0, 297, 18, 40, 355
"d:\.net\start\wwwroot\css\Product\product.css", "PostCSS", 0, 0, 0, 0, 0, 0, 0, 997, 63, 144, 1204
"d:\.net\start\wwwroot\css\StaticContent\News.css", "PostCSS", 0, 0, 0, 0, 0, 0, 0, 202, 12, 31, 245
"d:\.net\start\wwwroot\css\StaticContent\NewsDetail.css", "PostCSS", 0, 0, 0, 0, 0, 0, 0, 92, 7, 13, 112
"d:\.net\start\wwwroot\css\StaticContent\Store.css", "PostCSS", 0, 0, 0, 0, 0, 0, 0, 257, 13, 40, 310
"d:\.net\start\wwwroot\css\StaticContent\contact.css", "PostCSS", 0, 0, 0, 0, 0, 0, 0, 221, 32, 26, 279
"d:\.net\start\wwwroot\css\StaticContent\introduce.css", "PostCSS", 0, 0, 0, 0, 0, 0, 0, 255, 14, 44, 313
"d:\.net\start\wwwroot\css\employee\contract.css", "PostCSS", 0, 0, 0, 0, 0, 0, 0, 86, 9, 10, 105
"d:\.net\start\wwwroot\css\employee\dayoff.css", "PostCSS", 0, 0, 0, 0, 0, 0, 0, 132, 20, 25, 177
"d:\.net\start\wwwroot\css\employee\editprofile.css", "PostCSS", 0, 0, 0, 0, 0, 0, 0, 50, 8, 9, 67
"d:\.net\start\wwwroot\css\employee\profile.css", "PostCSS", 0, 0, 0, 0, 0, 0, 0, 176, 16, 19, 211
"d:\.net\start\wwwroot\css\employee\salary.css", "PostCSS", 0, 0, 0, 0, 0, 0, 0, 39, 6, 6, 51
"d:\.net\start\wwwroot\css\employee\schedule.css", "PostCSS", 0, 0, 0, 0, 0, 0, 0, 150, 17, 29, 196
"d:\.net\start\wwwroot\js\admin-dropdown.js", "JavaScript", 0, 0, 0, 68, 0, 0, 0, 0, 20, 20, 108
"d:\.net\start\wwwroot\js\order-history.js", "JavaScript", 0, 0, 0, 94, 0, 0, 0, 0, 3, 10, 107
"d:\.net\start\wwwroot\js\order.js", "JavaScript", 0, 0, 0, 406, 0, 0, 0, 0, 31, 44, 481
"d:\.net\start\wwwroot\js\privacy.js", "JavaScript", 0, 0, 0, 68, 0, 0, 0, 0, 9, 11, 88
"d:\.net\start\wwwroot\js\product-ajax.js", "JavaScript", 0, 0, 0, 441, 0, 0, 0, 0, 67, 76, 584
"d:\.net\start\wwwroot\js\product.js", "JavaScript", 0, 0, 0, 243, 0, 0, 0, 0, 50, 49, 342
"d:\.net\start\wwwroot\js\site.js", "JavaScript", 0, 0, 0, 0, 0, 0, 0, 0, 2, 3, 5
"d:\.net\start\wwwroot\lib\bootstrap\dist\css\bootstrap-grid.css", "PostCSS", 0, 0, 0, 0, 0, 0, 0, 3886, 6, 193, 4085
"d:\.net\start\wwwroot\lib\bootstrap\dist\css\bootstrap-grid.min.css", "PostCSS", 0, 0, 0, 0, 0, 0, 0, 1, 5, 0, 6
"d:\.net\start\wwwroot\lib\bootstrap\dist\css\bootstrap-grid.rtl.css", "PostCSS", 0, 0, 0, 0, 0, 0, 0, 3886, 6, 192, 4084
"d:\.net\start\wwwroot\lib\bootstrap\dist\css\bootstrap-grid.rtl.min.css", "PostCSS", 0, 0, 0, 0, 0, 0, 0, 1, 5, 0, 6
"d:\.net\start\wwwroot\lib\bootstrap\dist\css\bootstrap-reboot.css", "PostCSS", 0, 0, 0, 0, 0, 0, 0, 518, 14, 65, 597
"d:\.net\start\wwwroot\lib\bootstrap\dist\css\bootstrap-reboot.min.css", "PostCSS", 0, 0, 0, 0, 0, 0, 0, 1, 5, 0, 6
"d:\.net\start\wwwroot\lib\bootstrap\dist\css\bootstrap-reboot.rtl.css", "PostCSS", 0, 0, 0, 0, 0, 0, 0, 524, 6, 64, 594
"d:\.net\start\wwwroot\lib\bootstrap\dist\css\bootstrap-reboot.rtl.min.css", "PostCSS", 0, 0, 0, 0, 0, 0, 0, 1, 5, 0, 6
"d:\.net\start\wwwroot\lib\bootstrap\dist\css\bootstrap-utilities.css", "PostCSS", 0, 0, 0, 0, 0, 0, 0, 4891, 8, 503, 5402
"d:\.net\start\wwwroot\lib\bootstrap\dist\css\bootstrap-utilities.min.css", "PostCSS", 0, 0, 0, 0, 0, 0, 0, 1, 5, 0, 6
"d:\.net\start\wwwroot\lib\bootstrap\dist\css\bootstrap-utilities.rtl.css", "PostCSS", 0, 0, 0, 0, 0, 0, 0, 4887, 6, 500, 5393
"d:\.net\start\wwwroot\lib\bootstrap\dist\css\bootstrap-utilities.rtl.min.css", "PostCSS", 0, 0, 0, 0, 0, 0, 0, 1, 5, 0, 6
"d:\.net\start\wwwroot\lib\bootstrap\dist\css\bootstrap.css", "PostCSS", 0, 0, 0, 0, 0, 0, 0, 11136, 24, 897, 12057
"d:\.net\start\wwwroot\lib\bootstrap\dist\css\bootstrap.min.css", "PostCSS", 0, 0, 0, 0, 0, 0, 0, 5, 1, 0, 6
"d:\.net\start\wwwroot\lib\bootstrap\dist\css\bootstrap.rtl.css", "PostCSS", 0, 0, 0, 0, 0, 0, 0, 11138, 6, 886, 12030
"d:\.net\start\wwwroot\lib\bootstrap\dist\css\bootstrap.rtl.min.css", "PostCSS", 0, 0, 0, 0, 0, 0, 0, 5, 1, 0, 6
"d:\.net\start\wwwroot\lib\bootstrap\dist\js\bootstrap.bundle.js", "JavaScript", 0, 0, 0, 5064, 0, 0, 0, 0, 655, 596, 6315
"d:\.net\start\wwwroot\lib\bootstrap\dist\js\bootstrap.bundle.min.js", "JavaScript", 0, 0, 0, 1, 0, 0, 0, 0, 6, 0, 7
"d:\.net\start\wwwroot\lib\bootstrap\dist\js\bootstrap.esm.js", "JavaScript", 0, 0, 0, 3568, 0, 0, 0, 0, 578, 302, 4448
"d:\.net\start\wwwroot\lib\bootstrap\dist\js\bootstrap.esm.min.js", "JavaScript", 0, 0, 0, 1, 0, 0, 0, 0, 6, 0, 7
"d:\.net\start\wwwroot\lib\bootstrap\dist\js\bootstrap.js", "JavaScript", 0, 0, 0, 3604, 0, 0, 0, 0, 584, 307, 4495
"d:\.net\start\wwwroot\lib\bootstrap\dist\js\bootstrap.min.js", "JavaScript", 0, 0, 0, 1, 0, 0, 0, 0, 6, 0, 7
"d:\.net\start\wwwroot\lib\jquery-validation-unobtrusive\dist\jquery.validate.unobtrusive.js", "JavaScript", 0, 0, 0, 306, 0, 0, 0, 0, 76, 54, 436
"d:\.net\start\wwwroot\lib\jquery-validation-unobtrusive\dist\jquery.validate.unobtrusive.min.js", "JavaScript", 0, 0, 0, 1, 0, 0, 0, 0, 7, 0, 8
"d:\.net\start\wwwroot\lib\jquery-validation\LICENSE.md", "Markdown", 0, 0, 18, 0, 0, 0, 0, 0, 0, 5, 23
"d:\.net\start\wwwroot\lib\jquery-validation\dist\additional-methods.js", "JavaScript", 0, 0, 0, 1106, 0, 0, 0, 0, 258, 141, 1505
"d:\.net\start\wwwroot\lib\jquery-validation\dist\additional-methods.min.js", "JavaScript", 0, 0, 0, 1, 0, 0, 0, 0, 3, 0, 4
"d:\.net\start\wwwroot\lib\jquery-validation\dist\jquery.validate.js", "JavaScript", 0, 0, 0, 1265, 0, 0, 0, 0, 188, 250, 1703
"d:\.net\start\wwwroot\lib\jquery-validation\dist\jquery.validate.min.js", "JavaScript", 0, 0, 0, 1, 0, 0, 0, 0, 3, 0, 4
"d:\.net\start\wwwroot\lib\jquery\dist\jquery.js", "JavaScript", 0, 0, 0, 6767, 0, 0, 0, 0, 1887, 2063, 10717
"d:\.net\start\wwwroot\lib\jquery\dist\jquery.min.js", "JavaScript", 0, 0, 0, 1, 0, 0, 0, 0, 1, 1, 3
"d:\.net\start\wwwroot\lib\jquery\dist\jquery.slim.js", "JavaScript", 0, 0, 0, 5381, 0, 0, 0, 0, 1558, 1679, 8618
"d:\.net\start\wwwroot\lib\jquery\dist\jquery.slim.min.js", "JavaScript", 0, 0, 0, 1, 0, 0, 0, 0, 1, 1, 3
"Total", "-", 28, 6077, 323, 28389, 8862, 362, 75, 46997, 7014, 12525, 110652